{
  "model": {
    "type": "minecraft:range_dispatch",
    "property": "minecraft:damage",
    "entries": [
      {
        "threshold": 0,
        "model": {
          "type": "minecraft:model",
          "model": "minecraft:item/copper_shovel"
        }
      },
      {
        "threshold": 0.75,
        "model": {
          "type": "minecraft:model",
          "model": "minecraft:item/copper_oxidation/oxidized_copper_shovel"
        }
      },
      {
        "threshold": 0.5,
        "model": {
          "type": "minecraft:model",
          "model": "minecraft:item/copper_oxidation/weathered_copper_shovel"
        }
      },
      {
        "threshold": 0.25,
        "model": {
          "type": "minecraft:model",
          "model": "minecraft:item/copper_oxidation/exposed_copper_shovel"
        }
      }
    ]
  }
}