{
    "model": {
        "type": "minecraft:condition",
        "property": "minecraft:using_item",
        "on_false": {
            "type": "minecraft:model",
            "model": "minecraft:item/poisonous_potato"
        },
        "on_true": {
            "property": "minecraft:use_duration",
            "scale": 0.03,
            "type": "minecraft:range_dispatch",
            "entries": [
                {
                    "model": {
                        "type": "minecraft:model",
                        "model": "minecraft:item/food/poisonous_potato/poisonous_potato0"
                    },
                    "threshold": 0.3
                },
                {
                    "model": {
                        "type": "minecraft:model",
                        "model": "minecraft:item/food/poisonous_potato/poisonous_potato1"
                    },
                    "threshold": 0.55
                },
                {
                    "model": {
                        "type": "minecraft:model",
                        "model": "minecraft:item/food/poisonous_potato/poisonous_potato2"
                    },
                    "threshold": 0.8
                }
            ],
            "fallback": {
                "type": "minecraft:model",
                "model": "minecraft:item/poisonous_potato"
            }
        }
    }
}