{
    "model": {
        "type": "minecraft:condition",
        "property": "minecraft:using_item",
        "on_false": {
            "type": "minecraft:model",
            "model": "minecraft:item/potion",
            "tints": [
                {
                  "type": "minecraft:potion",
                  "default": -13083194
                }
              ]
        },
        
        "on_true": {
            "property": "minecraft:use_duration",
            "scale": 0.03,
            "type": "minecraft:range_dispatch",
            "entries": [
                {
                    "model": {
                        "type": "minecraft:model",
                        "model": "minecraft:item/food/potion/potion0",
                        "tints": [
                            {
                              "type": "minecraft:potion",
                              "default": -13083194
                            }
                          ]
                    },
                    "threshold": 0.3
                },
                {
                    "model": {
                        "type": "minecraft:model",
                        "model": "minecraft:item/food/potion/potion1",
                        "tints": [
                            {
                              "type": "minecraft:potion",
                              "default": -13083194
                            }
                          ]
                    },
                    "threshold": 0.55
                },
                {
                    "model": {
                        "type": "minecraft:model",
                        "model": "minecraft:item/food/potion/potion2",
                        "tints": [
                            {
                              "type": "minecraft:potion",
                              "default": -13083194
                            }
                          ]
                    },
                    "threshold": 0.8
                }
            ],
            "fallback": {
                "type": "minecraft:model",
                "model": "minecraft:item/potion",
                "tints": [
                    {
                      "type": "minecraft:potion",
                      "default": -13083194
                    }
                  ]
            }
        }
    }
}