{
	"providers": [
		{
			"type": "bitmap",
			"file": "minecraft:font/helmet.png",
			"ascent": 8,
			"height": 16,
			"chars": [
				"\uefe1"
			]
		},
		{
			"type": "bitmap",
			"file": "minecraft:font/chestplate.png",
			"ascent": 8,
			"height": 16,
			"chars": [
				"\uefe2"
			]
		},
		{
			"type": "bitmap",
			"file": "minecraft:font/leggings.png",
			"ascent": 8,
			"height": 16,
			"chars": [
				"\uefe3"
			]
		},
		{
			"type": "bitmap",
			"file": "minecraft:font/boots.png",
			"ascent": 8,
			"height": 16,
			"chars": [
				"\uefe4"
			]
		},
		{
			"type": "bitmap",
			"file": "minecraft:font/sword.png",
			"ascent": 8,
			"height": 16,
			"chars": [
				"\uefe5"
			]
		},
		{
			"type": "bitmap",
			"file": "minecraft:font/pickaxe.png",
			"ascent": 8,
			"height": 16,
			"chars": [
				"\uefe6"
			]
		},
		{
			"type": "bitmap",
			"file": "minecraft:font/trident.png",
			"ascent": 8,
			"height": 16,
			"chars": [
				"\uefe7"
			]
		},
		{
			"type": "bitmap",
			"file": "minecraft:font/bow.png",
			"ascent": 8,
			"height": 16,
			"chars": [
				"\uefe8"
			]
		},
		{
			"type": "bitmap",
			"file": "minecraft:font/crosbow.png",
			"ascent": 8,
			"height": 16,
			"chars": [
				"\uefe9"
			]
		},
		{
			"type": "bitmap",
			"file": "minecraft:font/fishing.png",
			"ascent": 8,
			"height": 16,
			"chars": [
				"\ueef1"
			]
		},
		{
			"type": "bitmap",
			"file": "minecraft:font/star.png",
			"ascent": 8,
			"height": 16,
			"chars": [
				"\ueef2"
			]
		},
		{
			"type": "bitmap",
			"file": "minecraft:font/skull.png",
			"ascent": 8,
			"height": 16,
			"chars": [
				"\ueef3"
			]
		},
		{
			"type": "bitmap",
			"file": "minecraft:font/mace.png",
			"ascent": 8,
			"height": 16,
			"chars": [
				"\ueef4"
			]
		},
		{
			"type": "bitmap",
			"file": "minecraft:font/spear.png",
			"ascent": 8,
			"height": 16,
			"chars": [
				"\ueef5"
			]
		}
	]
}